               epoch,      train/box_loss,      train/obj_loss,      train/cls_loss,   metrics/precision,      metrics/recall,     metrics/mAP_0.5,metrics/mAP_0.5:0.95,        val/box_loss,        val/obj_loss,        val/cls_loss,               x/lr0,               x/lr1,               x/lr2
                   0,            0.086594,            0.029047,                   0,                   0,                   0,                   0,                   0,            0.091216,            0.020821,                   0,              0.0973,              0.0003,              0.0003
                   1,            0.076904,            0.027347,                   0,                   0,                   0,                   0,                   0,            0.090595,            0.019848,                   0,            0.093698,          0.00069769,          0.00069769
                   2,            0.072371,            0.026302,                   0,                   0,                   0,                   0,                   0,            0.084103,            0.020725,                   0,            0.090093,           0.0010927,           0.0010927
                   3,            0.080722,            0.025946,                   0,                   0,                   0,                   0,                   0,            0.078717,            0.021187,                   0,            0.086485,           0.0014851,           0.0014851
                   4,            0.099836,            0.025091,                   0,                   0,                   0,                   0,                   0,            0.076506,            0.020638,                   0,            0.082875,           0.0018749,           0.0018749
                   5,            0.083507,            0.024603,                   0,                   0,                   0,                   0,                   0,            0.074653,            0.020023,                   0,            0.079262,           0.0022621,           0.0022621
                   6,            0.077428,            0.023177,                   0,                   0,                   0,                   0,                   0,            0.069945,            0.019974,                   0,            0.075647,           0.0026465,           0.0026465
                   7,            0.076771,            0.022812,                   0,                   0,                   0,                   0,                   0,            0.067761,             0.01973,                   0,            0.072028,           0.0030284,           0.0030284
                   8,            0.065856,            0.020233,                   0,                   0,                   0,                   0,                   0,            0.062968,            0.020294,                   0,            0.068408,           0.0034076,           0.0034076
                   9,            0.075827,            0.021069,                   0,          0.00083333,                0.25,          0.00069769,          6.9769e-05,            0.056144,            0.019779,                   0,            0.064784,           0.0037842,           0.0037842
                  10,            0.081867,            0.020186,                   0,                   0,                   0,                   0,                   0,            0.058188,            0.019218,                   0,            0.061158,           0.0041581,           0.0041581
                  11,            0.066933,              0.0195,                   0,          0.00083333,                0.25,           0.0009735,          0.00029205,            0.051862,            0.019463,                   0,            0.057529,           0.0045294,           0.0045294
                  12,            0.073639,            0.019114,                   0,                   0,                   0,                   0,                   0,            0.066695,            0.015259,                   0,            0.053898,            0.004898,            0.004898
                  13,            0.083823,            0.019351,                   0,                   0,                   0,                   0,                   0,            0.059071,            0.017113,                   0,            0.050264,            0.005264,            0.005264
                  14,            0.073918,            0.016284,                   0,           0.0016667,                 0.5,           0.0013985,          0.00013985,            0.060175,            0.015038,                   0,            0.046627,           0.0056274,           0.0056274
                  15,            0.072525,             0.01627,                   0,                   0,                   0,                   0,                   0,            0.062166,             0.01568,                   0,            0.042988,           0.0059881,           0.0059881
                  16,            0.078276,            0.017078,                   0,                   0,                   0,                   0,                   0,            0.056329,            0.015461,                   0,            0.039346,           0.0063462,           0.0063462
                  17,            0.080265,            0.016255,                   0,          0.00083333,                0.25,          0.00068234,          0.00013647,             0.05476,            0.016012,                   0,            0.035702,           0.0067017,           0.0067017
                  18,             0.08418,            0.018762,                   0,          0.00083333,                0.25,          0.00068234,          0.00013647,             0.05476,            0.016012,                   0,            0.032054,           0.0070545,           0.0070545
                  19,            0.067687,            0.020824,                   0,           0.0016667,                 0.5,           0.0037551,          0.00045919,            0.049587,            0.016331,                   0,            0.028405,           0.0074047,           0.0074047
                  20,            0.069074,            0.016983,                   0,                   0,                   0,                   0,                   0,            0.066596,            0.013554,                   0,            0.024752,           0.0077522,           0.0077522
                  21,            0.086818,            0.016921,                   0,          0.00083333,                0.25,          0.00060626,          6.0626e-05,            0.053357,            0.015231,                   0,            0.021097,           0.0080971,           0.0080971
                  22,            0.077316,            0.013335,                   0,          0.00083333,                0.25,          0.00060626,          6.0626e-05,            0.053357,            0.015231,                   0,            0.017439,           0.0084393,           0.0084393
                  23,             0.07206,            0.012899,                   0,           0.0016667,                 0.5,           0.0013994,          0.00025608,            0.057678,            0.013827,                   0,            0.013779,            0.008779,            0.008779
                  24,             0.08024,            0.013088,                   0,                   0,                   0,                   0,                   0,            0.052851,            0.015048,                   0,            0.010116,           0.0091159,           0.0091159
                  25,            0.045047,            0.014592,                   0,                   0,                   0,                   0,                   0,            0.052851,            0.015048,                   0,            0.009175,            0.009175,            0.009175
                  26,            0.068801,            0.017369,                   0,           0.0016667,                 0.5,           0.0018883,          0.00018883,            0.050689,            0.015334,                   0,            0.009175,            0.009175,            0.009175
                  27,            0.059373,            0.015589,                   0,           0.0016667,                 0.5,           0.0015123,          0.00062472,            0.047027,            0.016739,                   0,            0.009142,            0.009142,            0.009142
                  28,            0.078631,             0.01891,                   0,           0.0016667,                 0.5,           0.0015123,          0.00062472,            0.047027,            0.016739,                   0,            0.009109,            0.009109,            0.009109
                  29,            0.065663,            0.015519,                   0,           0.0033333,                   1,           0.0038196,           0.0008112,             0.04917,             0.01498,                   0,            0.009076,            0.009076,            0.009076
                  30,            0.060073,            0.013668,                   0,          0.00083333,                0.25,          0.00053542,          5.3542e-05,            0.055292,            0.012605,                   0,            0.009043,            0.009043,            0.009043
                  31,            0.048479,            0.012066,                   0,          0.00083333,                0.25,          0.00053542,          5.3542e-05,            0.055292,            0.012605,                   0,             0.00901,             0.00901,             0.00901
                  32,            0.065282,            0.015122,                   0,          0.00083333,                0.25,          0.00053139,          0.00010628,            0.048282,             0.01471,                   0,            0.008977,            0.008977,            0.008977
                  33,            0.056485,            0.015477,                   0,              0.0025,                0.75,           0.0030843,          0.00095284,            0.048899,            0.015634,                   0,            0.008944,            0.008944,            0.008944
                  34,            0.070376,            0.015434,                   0,              0.0025,                0.75,           0.0030843,          0.00095284,            0.048899,            0.015634,                   0,            0.008911,            0.008911,            0.008911
                  35,            0.049504,            0.014173,                   0,           0.0033333,                   1,           0.0069658,           0.0026137,            0.044539,            0.015519,                   0,            0.008878,            0.008878,            0.008878
                  36,            0.066871,            0.016424,                   0,              0.0025,                0.75,           0.0048402,           0.0017895,             0.04249,            0.016549,                   0,            0.008845,            0.008845,            0.008845
                  37,            0.063239,            0.018535,                   0,              0.0025,                0.75,           0.0048402,           0.0017895,             0.04249,            0.016549,                   0,            0.008812,            0.008812,            0.008812
                  38,            0.045747,            0.017739,                   0,           0.0033333,                   1,           0.0060387,           0.0019989,            0.037471,            0.017013,                   0,            0.008779,            0.008779,            0.008779
                  39,            0.045254,            0.016169,                   0,           0.0033333,                   1,            0.022902,           0.0072923,            0.042839,            0.014788,                   0,            0.008746,            0.008746,            0.008746
                  40,            0.053034,            0.018053,                   0,           0.0033333,                   1,            0.022902,           0.0072923,            0.042839,            0.014788,                   0,            0.008713,            0.008713,            0.008713
                  41,            0.061822,            0.014196,                   0,           0.0033333,                   1,             0.15319,            0.030438,            0.037739,            0.015594,                   0,             0.00868,             0.00868,             0.00868
                  42,            0.050007,            0.015854,                   0,           0.0033333,                   1,             0.12626,            0.026947,            0.047457,            0.012293,                   0,            0.008647,            0.008647,            0.008647
                  43,             0.04961,            0.013092,                   0,           0.0033333,                   1,             0.12626,            0.026947,            0.047457,            0.012293,                   0,            0.008614,            0.008614,            0.008614
                  44,            0.041562,             0.01495,                   0,           0.0033333,                   1,             0.52775,            0.081347,            0.039603,            0.013551,                   0,            0.008581,            0.008581,            0.008581
                  45,            0.044888,            0.014652,                   0,           0.0033333,                   1,             0.17335,            0.054204,            0.045149,            0.013078,                   0,            0.008548,            0.008548,            0.008548
                  46,            0.050197,            0.015084,                   0,           0.0033333,                   1,             0.17335,            0.054204,            0.045149,            0.013078,                   0,            0.008515,            0.008515,            0.008515
                  47,            0.037203,            0.013883,                   0,           0.0033333,                   1,             0.17075,            0.053626,            0.037783,            0.014581,                   0,            0.008482,            0.008482,            0.008482
                  48,            0.043199,            0.017769,                   0,           0.0033333,                   1,             0.62571,             0.24279,            0.041185,            0.013905,                   0,            0.008449,            0.008449,            0.008449
                  49,            0.047693,            0.014945,                   0,           0.0033333,                   1,             0.62571,             0.24279,            0.041185,            0.013905,                   0,            0.008416,            0.008416,            0.008416
                  50,            0.036925,            0.013293,                   0,           0.0033333,                   1,             0.78848,             0.28703,            0.037446,            0.013823,                   0,            0.008383,            0.008383,            0.008383
                  51,            0.040762,            0.013916,                   0,           0.0033333,                   1,             0.34429,             0.11416,            0.044877,            0.011919,                   0,             0.00835,             0.00835,             0.00835
                  52,            0.049552,            0.012466,                   0,           0.0033333,                   1,             0.34429,             0.11416,            0.044877,            0.011919,                   0,            0.008317,            0.008317,            0.008317
                  53,            0.031269,            0.010673,                   0,            0.045127,                   1,             0.47641,              0.2534,            0.036456,            0.013331,                   0,            0.008284,            0.008284,            0.008284
                  54,            0.051612,            0.013222,                   0,            0.066969,                   1,             0.82192,              0.3304,            0.039484,            0.012244,                   0,            0.008251,            0.008251,            0.008251
                  55,            0.039526,            0.013087,                   0,            0.066969,                   1,             0.82192,              0.3304,            0.039484,            0.012244,                   0,            0.008218,            0.008218,            0.008218
                  56,            0.056247,            0.012202,                   0,             0.27608,                   1,              0.7825,             0.26066,            0.034717,            0.012993,                   0,            0.008185,            0.008185,            0.008185
                  57,            0.030086,            0.013009,                   0,             0.38173,                0.75,             0.53848,             0.20557,            0.038685,            0.011617,                   0,            0.008152,            0.008152,            0.008152
                  58,            0.032301,            0.012405,                   0,             0.38173,                0.75,             0.53848,             0.20557,            0.038685,            0.011617,                   0,            0.008119,            0.008119,            0.008119
                  59,            0.053281,            0.012654,                   0,             0.73656,                0.75,             0.85611,             0.34356,            0.031009,            0.012693,                   0,            0.008086,            0.008086,            0.008086
                  60,            0.043089,             0.01364,                   0,             0.51866,                0.75,               0.547,             0.19997,            0.038004,            0.011103,                   0,            0.008053,            0.008053,            0.008053
                  61,            0.041563,            0.011986,                   0,             0.51866,                0.75,               0.547,             0.19997,            0.038004,            0.011103,                   0,             0.00802,             0.00802,             0.00802
                  62,            0.030763,            0.011194,                   0,             0.48854,             0.72134,             0.54591,             0.19793,            0.032522,            0.011603,                   0,            0.007987,            0.007987,            0.007987
                  63,            0.034006,            0.013945,                   0,             0.58739,             0.71847,             0.66167,             0.22393,            0.043105,           0.0092533,                   0,            0.007954,            0.007954,            0.007954
                  64,            0.049381,           0.0093547,                   0,             0.58739,             0.71847,             0.66167,             0.22393,            0.043105,           0.0092533,                   0,            0.007921,            0.007921,            0.007921
                  65,            0.048423,           0.0099785,                   0,             0.74854,             0.74561,             0.82536,             0.37809,            0.033046,            0.010441,                   0,            0.007888,            0.007888,            0.007888
                  66,            0.037907,             0.01118,                   0,              0.3406,                0.75,             0.41929,             0.23331,            0.032227,            0.010396,                   0,            0.007855,            0.007855,            0.007855
                  67,            0.032738,           0.0098379,                   0,              0.3406,                0.75,             0.41929,             0.23331,            0.032227,            0.010396,                   0,            0.007822,            0.007822,            0.007822
                  68,            0.053776,            0.010634,                   0,             0.46477,                0.75,               0.605,             0.31908,            0.033921,            0.010345,                   0,            0.007789,            0.007789,            0.007789
                  69,            0.040078,             0.01159,                   0,             0.59301,                0.75,                0.87,             0.32429,            0.036674,           0.0093837,                   0,            0.007756,            0.007756,            0.007756
                  70,              0.0458,           0.0093497,                   0,             0.59301,                0.75,                0.87,             0.32429,            0.036674,           0.0093837,                   0,            0.007723,            0.007723,            0.007723
                  71,            0.052011,            0.011006,                   0,             0.88737,                0.75,             0.91167,             0.25897,            0.032131,            0.010274,                   0,             0.00769,             0.00769,             0.00769
                  72,            0.042378,             0.01146,                   0,              0.9636,                 0.5,             0.58354,             0.11232,            0.040058,           0.0085588,                   0,            0.007657,            0.007657,            0.007657
                  73,            0.049651,           0.0085733,                   0,              0.9636,                 0.5,             0.58354,             0.11232,            0.040058,           0.0085588,                   0,            0.007624,            0.007624,            0.007624
                  74,            0.034148,           0.0079509,                   0,             0.84185,                0.75,             0.91167,             0.44961,            0.030193,            0.010009,                   0,            0.007591,            0.007591,            0.007591
                  75,            0.034889,           0.0084589,                   0,             0.88471,                0.75,               0.945,             0.47348,            0.029341,           0.0096469,                   0,            0.007558,            0.007558,            0.007558
                  76,            0.036017,            0.010233,                   0,             0.88471,                0.75,               0.945,             0.47348,            0.029341,           0.0096469,                   0,            0.007525,            0.007525,            0.007525
                  77,            0.038873,           0.0099154,                   0,             0.51659,                0.75,             0.78786,             0.30987,            0.036324,           0.0091034,                   0,            0.007492,            0.007492,            0.007492
                  78,            0.039034,           0.0094273,                   0,             0.64613,                0.75,             0.76286,             0.45595,            0.030073,           0.0094051,                   0,            0.007459,            0.007459,            0.007459
                  79,            0.037851,            0.010486,                   0,             0.64613,                0.75,             0.76286,             0.45595,            0.030073,           0.0094051,                   0,            0.007426,            0.007426,            0.007426
                  80,            0.028195,            0.011371,                   0,             0.94387,                0.75,               0.945,             0.33157,            0.029309,           0.0092101,                   0,            0.007393,            0.007393,            0.007393
                  81,            0.022521,           0.0082831,                   0,                   1,             0.71103,             0.83591,             0.44694,            0.035036,           0.0080683,                   0,             0.00736,             0.00736,             0.00736
                  82,            0.046483,           0.0075093,                   0,                   1,             0.71103,             0.83591,             0.44694,            0.035036,           0.0080683,                   0,            0.007327,            0.007327,            0.007327
                  83,            0.062291,           0.0065592,                   0,             0.88718,                0.75,             0.85611,             0.50246,            0.026382,           0.0087866,                   0,            0.007294,            0.007294,            0.007294
                  84,            0.034907,           0.0090604,                   0,                   1,             0.92678,               0.995,             0.51321,             0.02946,           0.0081055,                   0,            0.007261,            0.007261,            0.007261
                  85,            0.037058,           0.0063315,                   0,                   1,             0.92678,               0.995,             0.51321,             0.02946,           0.0081055,                   0,            0.007228,            0.007228,            0.007228
                  86,            0.047027,           0.0092844,                   0,                   1,             0.92977,               0.995,             0.55304,            0.024328,           0.0082858,                   0,            0.007195,            0.007195,            0.007195
                  87,            0.027771,           0.0074851,                   0,             0.73527,             0.70581,              0.8075,             0.52769,            0.026839,           0.0079216,                   0,            0.007162,            0.007162,            0.007162
                  88,            0.038199,           0.0076441,                   0,             0.73527,             0.70581,              0.8075,             0.52769,            0.026839,           0.0079216,                   0,            0.007129,            0.007129,            0.007129
                  89,            0.025595,           0.0076064,                   0,                   1,             0.98596,               0.995,             0.28334,            0.028128,           0.0078763,                   0,            0.007096,            0.007096,            0.007096
                  90,            0.026176,           0.0071615,                   0,             0.93764,                0.75,               0.945,             0.46968,            0.031076,            0.007493,                   0,            0.007063,            0.007063,            0.007063
                  91,            0.036942,           0.0063298,                   0,             0.93764,                0.75,               0.945,             0.46968,            0.031076,            0.007493,                   0,             0.00703,             0.00703,             0.00703
                  92,            0.031503,           0.0076739,                   0,             0.78788,             0.93938,               0.895,             0.32169,            0.027558,           0.0076941,                   0,            0.006997,            0.006997,            0.006997
                  93,            0.029664,            0.007243,                   0,             0.65101,             0.94127,             0.84917,             0.46785,            0.025926,           0.0077837,                   0,            0.006964,            0.006964,            0.006964
                  94,            0.026496,           0.0077154,                   0,             0.65101,             0.94127,             0.84917,             0.46785,            0.025926,           0.0077837,                   0,            0.006931,            0.006931,            0.006931
                  95,            0.051522,           0.0064042,                   0,                   1,             0.98101,               0.995,             0.57821,            0.020955,           0.0079185,                   0,            0.006898,            0.006898,            0.006898
                  96,            0.034591,           0.0089517,                   0,                   1,             0.98578,               0.995,             0.60255,            0.023478,           0.0076289,                   0,            0.006865,            0.006865,            0.006865
                  97,            0.049938,           0.0074139,                   0,                   1,             0.98578,               0.995,             0.60255,            0.023478,           0.0076289,                   0,            0.006832,            0.006832,            0.006832
                  98,            0.026039,           0.0079077,                   0,             0.76678,                   1,               0.945,             0.56905,            0.023784,           0.0076534,                   0,            0.006799,            0.006799,            0.006799
                  99,            0.050864,           0.0081374,                   0,             0.56821,                0.75,             0.65611,              0.2013,            0.032125,           0.0074394,                   0,            0.006766,            0.006766,            0.006766
                 100,            0.037952,           0.0039495,                   0,             0.56821,                0.75,             0.65611,              0.2013,            0.032125,           0.0074394,                   0,            0.006733,            0.006733,            0.006733
                 101,            0.041284,            0.005386,                   0,             0.49124,                   1,             0.68786,             0.31234,            0.028229,           0.0075886,                   0,              0.0067,              0.0067,              0.0067
                 102,            0.053395,           0.0082041,                   0,              0.7295,             0.68851,              0.8075,             0.31551,            0.029457,           0.0075353,                   0,            0.006667,            0.006667,            0.006667
                 103,            0.029837,           0.0062336,                   0,              0.7295,             0.68851,              0.8075,             0.31551,            0.029457,           0.0075353,                   0,            0.006634,            0.006634,            0.006634
                 104,            0.023743,           0.0073994,                   0,                   1,             0.91088,               0.995,             0.76674,            0.020844,           0.0076402,                   0,            0.006601,            0.006601,            0.006601
                 105,            0.033506,           0.0081477,                   0,             0.98499,                   1,               0.995,             0.47648,            0.026384,           0.0070533,                   0,            0.006568,            0.006568,            0.006568
                 106,            0.039835,           0.0083165,                   0,             0.98499,                   1,               0.995,             0.47648,            0.026384,           0.0070533,                   0,            0.006535,            0.006535,            0.006535
                 107,            0.024461,           0.0076433,                   0,             0.98004,                   1,               0.995,              0.5179,            0.019983,           0.0074648,                   0,            0.006502,            0.006502,            0.006502
                 108,            0.017984,           0.0069876,                   0,             0.52554,             0.83938,             0.82536,             0.39478,            0.030238,           0.0069346,                   0,            0.006469,            0.006469,            0.006469
                 109,            0.082107,           0.0087861,                   0,             0.52554,             0.83938,             0.82536,             0.39478,            0.030238,           0.0069346,                   0,            0.006436,            0.006436,            0.006436
                 110,            0.040242,           0.0052734,                   0,             0.65642,             0.96159,             0.91167,             0.50628,            0.023346,           0.0071033,                   0,            0.006403,            0.006403,            0.006403
                 111,            0.051539,           0.0067764,                   0,              0.9634,                   1,               0.995,             0.49061,            0.024004,           0.0068696,                   0,             0.00637,             0.00637,             0.00637
                 112,            0.047479,           0.0067411,                   0,              0.9634,                   1,               0.995,             0.49061,            0.024004,           0.0068696,                   0,            0.006337,            0.006337,            0.006337
                 113,            0.036838,           0.0071192,                   0,             0.96141,                   1,               0.995,              0.6092,            0.021774,           0.0068567,                   0,            0.006304,            0.006304,            0.006304
                 114,            0.031798,           0.0069172,                   0,             0.97694,                   1,               0.995,             0.59565,            0.022367,           0.0066826,                   0,            0.006271,            0.006271,            0.006271
                 115,            0.020358,           0.0068411,                   0,             0.97694,                   1,               0.995,             0.59565,            0.022367,           0.0066826,                   0,            0.006238,            0.006238,            0.006238
                 116,            0.033899,           0.0063076,                   0,             0.98367,                   1,               0.995,             0.64644,            0.022309,           0.0067003,                   0,            0.006205,            0.006205,            0.006205
                 117,            0.020454,           0.0073847,                   0,             0.90637,                   1,               0.995,             0.37114,            0.026466,           0.0071132,                   0,            0.006172,            0.006172,            0.006172
                 118,            0.029658,            0.006205,                   0,             0.90637,                   1,               0.995,             0.37114,            0.026466,           0.0071132,                   0,            0.006139,            0.006139,            0.006139
                 119,             0.03686,           0.0049885,                   0,             0.72857,                   1,               0.945,             0.62446,            0.022061,           0.0068291,                   0,            0.006106,            0.006106,            0.006106
                 120,            0.047618,           0.0055936,                   0,             0.74376,                   1,               0.945,             0.49495,            0.022789,            0.006936,                   0,            0.006073,            0.006073,            0.006073
                 121,            0.021711,           0.0071308,                   0,             0.74376,                   1,               0.945,             0.49495,            0.022789,            0.006936,                   0,             0.00604,             0.00604,             0.00604
                 122,            0.033422,           0.0066594,                   0,             0.94727,                   1,               0.995,             0.74615,            0.020097,           0.0067977,                   0,            0.006007,            0.006007,            0.006007
                 123,            0.033013,            0.005919,                   0,             0.79305,                   1,               0.995,              0.3812,            0.023446,           0.0069061,                   0,            0.005974,            0.005974,            0.005974
                 124,            0.034807,           0.0071931,                   0,             0.79305,                   1,               0.995,              0.3812,            0.023446,           0.0069061,                   0,            0.005941,            0.005941,            0.005941
                 125,            0.030421,           0.0075198,                   0,              0.9822,                   1,               0.995,             0.69204,            0.017755,           0.0069257,                   0,            0.005908,            0.005908,            0.005908
                 126,            0.016292,            0.007461,                   0,             0.98282,                   1,               0.995,             0.62164,            0.021332,           0.0065864,                   0,            0.005875,            0.005875,            0.005875
                 127,            0.045906,           0.0067105,                   0,             0.98282,                   1,               0.995,             0.62164,            0.021332,           0.0065864,                   0,            0.005842,            0.005842,            0.005842
                 128,            0.043832,           0.0069023,                   0,             0.98265,                   1,               0.995,             0.55303,            0.018959,           0.0067734,                   0,            0.005809,            0.005809,            0.005809
                 129,            0.028509,           0.0054516,                   0,             0.98358,                   1,               0.995,             0.33951,            0.029221,            0.006573,                   0,            0.005776,            0.005776,            0.005776
                 130,            0.031885,           0.0063129,                   0,             0.98358,                   1,               0.995,             0.33951,            0.029221,            0.006573,                   0,            0.005743,            0.005743,            0.005743
                 131,            0.023107,           0.0067014,                   0,             0.98305,                   1,               0.995,             0.57863,            0.018458,           0.0068112,                   0,             0.00571,             0.00571,             0.00571
                 132,            0.033032,           0.0063559,                   0,              0.9817,                   1,               0.995,             0.45395,            0.022151,           0.0066798,                   0,            0.005677,            0.005677,            0.005677
                 133,            0.053435,            0.006969,                   0,              0.9817,                   1,               0.995,             0.45395,            0.022151,           0.0066798,                   0,            0.005644,            0.005644,            0.005644
                 134,            0.032748,           0.0072982,                   0,              0.9821,                   1,               0.995,             0.57173,            0.016524,           0.0069312,                   0,            0.005611,            0.005611,            0.005611
                 135,            0.041665,           0.0059589,                   0,             0.98384,                   1,               0.995,             0.47217,            0.020622,            0.006656,                   0,            0.005578,            0.005578,            0.005578
                 136,            0.030573,           0.0064897,                   0,             0.98384,                   1,               0.995,             0.47217,            0.020622,            0.006656,                   0,            0.005545,            0.005545,            0.005545
                 137,            0.029975,           0.0058145,                   0,             0.98362,                   1,               0.995,             0.60921,            0.018935,           0.0065452,                   0,            0.005512,            0.005512,            0.005512
                 138,            0.034059,           0.0069184,                   0,              0.8765,                   1,               0.995,              0.6612,            0.018445,           0.0066887,                   0,            0.005479,            0.005479,            0.005479
                 139,            0.041781,           0.0064042,                   0,              0.8765,                   1,               0.995,              0.6612,            0.018445,           0.0066887,                   0,            0.005446,            0.005446,            0.005446
                 140,            0.018833,            0.006047,                   0,             0.98552,                   1,               0.995,             0.67158,             0.01707,           0.0065321,                   0,            0.005413,            0.005413,            0.005413
                 141,            0.023361,           0.0062057,                   0,             0.98561,                   1,               0.995,             0.67158,            0.017184,           0.0065221,                   0,             0.00538,             0.00538,             0.00538
                 142,             0.03102,           0.0069977,                   0,             0.98561,                   1,               0.995,             0.67158,            0.017184,           0.0065221,                   0,            0.005347,            0.005347,            0.005347
                 143,            0.025509,           0.0059855,                   0,             0.98604,                   1,               0.995,             0.60933,            0.017287,           0.0065365,                   0,            0.005314,            0.005314,            0.005314
                 144,            0.015033,           0.0057723,                   0,             0.98464,                   1,               0.995,             0.60904,            0.019224,            0.006739,                   0,            0.005281,            0.005281,            0.005281
                 145,            0.032062,           0.0060789,                   0,             0.98464,                   1,               0.995,             0.60904,            0.019224,            0.006739,                   0,            0.005248,            0.005248,            0.005248
                 146,            0.050063,           0.0073101,                   0,             0.98507,                   1,               0.995,             0.72118,            0.016246,           0.0065094,                   0,            0.005215,            0.005215,            0.005215
                 147,            0.034244,           0.0068867,                   0,             0.98474,                   1,               0.995,             0.47674,            0.020264,           0.0066788,                   0,            0.005182,            0.005182,            0.005182
                 148,            0.031998,           0.0055782,                   0,             0.98474,                   1,               0.995,             0.47674,            0.020264,           0.0066788,                   0,            0.005149,            0.005149,            0.005149
                 149,            0.030802,           0.0061015,                   0,              0.9853,                   1,               0.995,             0.64038,            0.017162,           0.0064648,                   0,            0.005116,            0.005116,            0.005116
                 150,            0.029865,           0.0062276,                   0,              0.9854,                   1,               0.995,             0.64216,            0.016742,           0.0067074,                   0,            0.005083,            0.005083,            0.005083
                 151,            0.014806,           0.0042303,                   0,              0.9854,                   1,               0.995,             0.64216,            0.016742,           0.0067074,                   0,             0.00505,             0.00505,             0.00505
                 152,            0.021096,           0.0053976,                   0,             0.98581,                   1,               0.995,             0.63421,            0.015789,           0.0066068,                   0,            0.005017,            0.005017,            0.005017
                 153,            0.029094,           0.0061832,                   0,             0.97975,                   1,               0.995,             0.51379,            0.017909,           0.0066255,                   0,            0.004984,            0.004984,            0.004984
                 154,            0.029955,             0.00737,                   0,             0.97975,                   1,               0.995,             0.51379,            0.017909,           0.0066255,                   0,            0.004951,            0.004951,            0.004951
                 155,            0.018834,           0.0052991,                   0,             0.98048,                   1,               0.995,             0.59255,            0.016806,           0.0064171,                   0,            0.004918,            0.004918,            0.004918
                 156,            0.027019,           0.0065371,                   0,             0.98577,                   1,               0.995,             0.71721,            0.015626,           0.0065494,                   0,            0.004885,            0.004885,            0.004885
                 157,            0.047777,           0.0059212,                   0,             0.98577,                   1,               0.995,             0.71721,            0.015626,           0.0065494,                   0,            0.004852,            0.004852,            0.004852
                 158,            0.026405,           0.0068704,                   0,             0.98568,                   1,               0.995,             0.75248,            0.014627,           0.0064558,                   0,            0.004819,            0.004819,            0.004819
                 159,            0.025198,           0.0082811,                   0,             0.98519,                   1,               0.995,             0.69628,            0.015598,           0.0064415,                   0,            0.004786,            0.004786,            0.004786
                 160,            0.027984,           0.0056086,                   0,             0.98519,                   1,               0.995,             0.69628,            0.015598,           0.0064415,                   0,            0.004753,            0.004753,            0.004753
                 161,            0.026783,           0.0062706,                   0,             0.98612,                   1,               0.995,             0.74571,            0.015638,           0.0063066,                   0,             0.00472,             0.00472,             0.00472
                 162,             0.01525,           0.0050065,                   0,              0.9872,                   1,               0.995,             0.60519,            0.018909,           0.0063231,                   0,            0.004687,            0.004687,            0.004687
                 163,             0.02573,           0.0051228,                   0,              0.9872,                   1,               0.995,             0.60519,            0.018909,           0.0063231,                   0,            0.004654,            0.004654,            0.004654
                 164,            0.019715,            0.005008,                   0,             0.98679,                   1,               0.995,             0.75835,            0.015321,           0.0062364,                   0,            0.004621,            0.004621,            0.004621
                 165,            0.016429,           0.0057538,                   0,             0.98744,                   1,               0.995,             0.63842,             0.01709,           0.0063344,                   0,            0.004588,            0.004588,            0.004588
                 166,            0.027382,           0.0061275,                   0,             0.98744,                   1,               0.995,             0.63842,             0.01709,           0.0063344,                   0,            0.004555,            0.004555,            0.004555
                 167,              0.0275,           0.0060178,                   0,             0.98726,                   1,               0.995,             0.82091,            0.014954,            0.006233,                   0,            0.004522,            0.004522,            0.004522
                 168,            0.034425,           0.0058961,                   0,             0.98739,                   1,               0.995,             0.77112,            0.016464,            0.006216,                   0,            0.004489,            0.004489,            0.004489
                 169,            0.035306,           0.0069015,                   0,             0.98739,                   1,               0.995,             0.77112,            0.016464,            0.006216,                   0,            0.004456,            0.004456,            0.004456
                 170,            0.016361,           0.0063264,                   0,             0.98693,                   1,               0.995,             0.75828,            0.015393,           0.0062606,                   0,            0.004423,            0.004423,            0.004423
                 171,            0.015946,           0.0050967,                   0,             0.98738,                   1,               0.995,             0.62609,            0.016908,            0.006427,                   0,             0.00439,             0.00439,             0.00439
                 172,            0.040152,           0.0049899,                   0,             0.98738,                   1,               0.995,             0.62609,            0.016908,            0.006427,                   0,            0.004357,            0.004357,            0.004357
                 173,            0.054604,           0.0061494,                   0,             0.98633,                   1,               0.995,                 0.8,            0.013699,           0.0063836,                   0,            0.004324,            0.004324,            0.004324
                 174,            0.014564,            0.006227,                   0,             0.98773,                   1,               0.995,             0.72145,            0.016444,           0.0062346,                   0,            0.004291,            0.004291,            0.004291
                 175,            0.051807,           0.0065759,                   0,             0.98773,                   1,               0.995,             0.72145,            0.016444,           0.0062346,                   0,            0.004258,            0.004258,            0.004258
                 176,            0.015719,           0.0062426,                   0,             0.98764,                   1,               0.995,             0.74621,            0.014382,            0.006273,                   0,            0.004225,            0.004225,            0.004225
                 177,            0.030378,           0.0056678,                   0,             0.98772,                   1,               0.995,             0.82083,            0.015912,           0.0061537,                   0,            0.004192,            0.004192,            0.004192
                 178,            0.014968,           0.0065916,                   0,             0.98772,                   1,               0.995,             0.82083,            0.015912,           0.0061537,                   0,            0.004159,            0.004159,            0.004159
                 179,            0.036037,           0.0056681,                   0,             0.98787,                   1,               0.995,             0.76088,            0.015601,           0.0061832,                   0,            0.004126,            0.004126,            0.004126
                 180,            0.026287,           0.0055297,                   0,             0.98787,                   1,               0.995,             0.77117,            0.014905,           0.0063137,                   0,            0.004093,            0.004093,            0.004093
                 181,            0.025113,            0.005724,                   0,             0.98787,                   1,               0.995,             0.77117,            0.014905,           0.0063137,                   0,             0.00406,             0.00406,             0.00406
                 182,            0.015168,           0.0061578,                   0,               0.988,                   1,               0.995,             0.77122,            0.014285,           0.0063429,                   0,            0.004027,            0.004027,            0.004027
                 183,            0.028721,           0.0060523,                   0,               0.988,                   1,               0.995,             0.60339,            0.015065,           0.0064408,                   0,            0.003994,            0.003994,            0.003994
                 184,            0.026624,           0.0052443,                   0,               0.988,                   1,               0.995,             0.60339,            0.015065,           0.0064408,                   0,            0.003961,            0.003961,            0.003961
                 185,            0.024607,           0.0071608,                   0,             0.98816,                   1,               0.995,             0.78332,            0.013703,           0.0063533,                   0,            0.003928,            0.003928,            0.003928
                 186,            0.029056,           0.0058182,                   0,             0.98823,                   1,               0.995,             0.75054,            0.013758,           0.0063143,                   0,            0.003895,            0.003895,            0.003895
                 187,            0.027513,           0.0054488,                   0,             0.98823,                   1,               0.995,             0.75054,            0.013758,           0.0063143,                   0,            0.003862,            0.003862,            0.003862
                 188,            0.023745,           0.0055221,                   0,             0.98794,                   1,               0.995,             0.74595,            0.015274,           0.0062348,                   0,            0.003829,            0.003829,            0.003829
                 189,            0.016342,           0.0055339,                   0,             0.98841,                   1,               0.995,             0.68616,            0.018045,           0.0062267,                   0,            0.003796,            0.003796,            0.003796
                 190,            0.031425,           0.0055515,                   0,             0.98841,                   1,               0.995,             0.68616,            0.018045,           0.0062267,                   0,            0.003763,            0.003763,            0.003763
                 191,            0.025791,           0.0050399,                   0,             0.98825,                   1,               0.995,             0.83317,            0.014491,           0.0061128,                   0,             0.00373,             0.00373,             0.00373
                 192,            0.029313,           0.0057672,                   0,             0.98824,                   1,               0.995,             0.67996,            0.017286,           0.0061476,                   0,            0.003697,            0.003697,            0.003697
                 193,            0.024823,            0.005069,                   0,             0.98824,                   1,               0.995,             0.67996,            0.017286,           0.0061476,                   0,            0.003664,            0.003664,            0.003664
                 194,            0.017527,           0.0057256,                   0,             0.98809,                   1,               0.995,             0.73798,            0.015142,           0.0061572,                   0,            0.003631,            0.003631,            0.003631
                 195,            0.018265,           0.0052057,                   0,             0.98836,                   1,               0.995,             0.75451,            0.016335,           0.0059878,                   0,            0.003598,            0.003598,            0.003598
                 196,             0.03308,           0.0052685,                   0,             0.98836,                   1,               0.995,             0.75451,            0.016335,           0.0059878,                   0,            0.003565,            0.003565,            0.003565
                 197,            0.017357,           0.0055126,                   0,             0.98836,                   1,               0.995,             0.79802,            0.015811,           0.0060008,                   0,            0.003532,            0.003532,            0.003532
                 198,            0.028502,           0.0056335,                   0,             0.98833,                   1,               0.995,               0.796,            0.014383,           0.0060984,                   0,            0.003499,            0.003499,            0.003499
                 199,            0.013428,           0.0055751,                   0,             0.98833,                   1,               0.995,               0.796,            0.014383,           0.0060984,                   0,            0.003466,            0.003466,            0.003466
                 200,            0.021586,           0.0058243,                   0,             0.98826,                   1,               0.995,             0.76492,            0.014352,           0.0060873,                   0,            0.003433,            0.003433,            0.003433
                 201,            0.020431,           0.0049478,                   0,             0.98826,                   1,               0.995,             0.76284,            0.014113,           0.0059862,                   0,              0.0034,              0.0034,              0.0034
                 202,            0.030954,           0.0057897,                   0,             0.98826,                   1,               0.995,             0.76284,            0.014113,           0.0059862,                   0,            0.003367,            0.003367,            0.003367
                 203,            0.015091,           0.0052211,                   0,             0.98814,                   1,               0.995,             0.74218,            0.014155,           0.0060387,                   0,            0.003334,            0.003334,            0.003334
                 204,            0.025037,           0.0048213,                   0,             0.98776,                   1,               0.995,             0.77942,            0.014373,           0.0060456,                   0,            0.003301,            0.003301,            0.003301
                 205,            0.021793,           0.0058428,                   0,             0.98776,                   1,               0.995,             0.77942,            0.014373,           0.0060456,                   0,            0.003268,            0.003268,            0.003268
                 206,            0.021771,           0.0042788,                   0,             0.98784,                   1,               0.995,             0.82091,            0.014168,           0.0060495,                   0,            0.003235,            0.003235,            0.003235
                 207,            0.041887,           0.0049211,                   0,             0.98773,                   1,               0.995,             0.71305,            0.014978,            0.006031,                   0,            0.003202,            0.003202,            0.003202
                 208,            0.014816,           0.0060127,                   0,             0.98773,                   1,               0.995,             0.71305,            0.014978,            0.006031,                   0,            0.003169,            0.003169,            0.003169
                 209,            0.025338,           0.0059215,                   0,             0.98767,                   1,               0.995,             0.73794,            0.014541,           0.0059466,                   0,            0.003136,            0.003136,            0.003136
                 210,            0.026582,           0.0074422,                   0,             0.98789,                   1,               0.995,             0.80429,            0.014946,           0.0058419,                   0,            0.003103,            0.003103,            0.003103
                 211,            0.018313,           0.0056555,                   0,             0.98789,                   1,               0.995,             0.80429,            0.014946,           0.0058419,                   0,             0.00307,             0.00307,             0.00307
                 212,            0.020137,           0.0056659,                   0,             0.98801,                   1,               0.995,             0.81258,            0.014411,             0.00585,                   0,            0.003037,            0.003037,            0.003037
                 213,            0.014453,           0.0051525,                   0,             0.98814,                   1,               0.995,             0.82461,            0.014829,           0.0058849,                   0,            0.003004,            0.003004,            0.003004
                 214,              0.0132,           0.0050355,                   0,             0.98814,                   1,               0.995,             0.82461,            0.014829,           0.0058849,                   0,            0.002971,            0.002971,            0.002971
                 215,             0.02103,           0.0053472,                   0,             0.98807,                   1,               0.995,             0.77942,            0.013786,           0.0059025,                   0,            0.002938,            0.002938,            0.002938
                 216,            0.019011,           0.0054473,                   0,             0.98815,                   1,               0.995,             0.77114,            0.012935,            0.005966,                   0,            0.002905,            0.002905,            0.002905
                 217,            0.018901,           0.0066931,                   0,             0.98815,                   1,               0.995,             0.77114,            0.012935,            0.005966,                   0,            0.002872,            0.002872,            0.002872
                 218,            0.020059,           0.0055281,                   0,             0.98822,                   1,               0.995,             0.75832,            0.013245,           0.0059712,                   0,            0.002839,            0.002839,            0.002839
                 219,            0.020245,           0.0059107,                   0,             0.98828,                   1,               0.995,             0.77946,            0.014677,           0.0058686,                   0,            0.002806,            0.002806,            0.002806
                 220,            0.020274,            0.006477,                   0,             0.98828,                   1,               0.995,             0.77946,            0.014677,           0.0058686,                   0,            0.002773,            0.002773,            0.002773
                 221,            0.016085,           0.0056938,                   0,             0.98849,                   1,               0.995,             0.80434,            0.013313,           0.0058587,                   0,             0.00274,             0.00274,             0.00274
                 222,            0.017534,            0.004308,                   0,             0.98848,                   1,               0.995,             0.78299,            0.013663,            0.005926,                   0,            0.002707,            0.002707,            0.002707
                 223,            0.035033,           0.0057668,                   0,             0.98848,                   1,               0.995,             0.78299,            0.013663,            0.005926,                   0,            0.002674,            0.002674,            0.002674
                 224,            0.019466,           0.0065562,                   0,              0.9886,                   1,               0.995,             0.84571,              0.0131,           0.0058644,                   0,            0.002641,            0.002641,            0.002641
                 225,            0.013488,           0.0060445,                   0,              0.9887,                   1,               0.995,             0.77752,            0.014619,           0.0058249,                   0,            0.002608,            0.002608,            0.002608
                 226,            0.011915,           0.0047905,                   0,              0.9887,                   1,               0.995,             0.77752,            0.014619,           0.0058249,                   0,            0.002575,            0.002575,            0.002575
                 227,            0.012288,           0.0045391,                   0,             0.98872,                   1,               0.995,              0.8023,            0.013754,             0.00583,                   0,            0.002542,            0.002542,            0.002542
                 228,            0.022212,           0.0064834,                   0,             0.98881,                   1,               0.995,             0.80842,            0.013212,           0.0058281,                   0,            0.002509,            0.002509,            0.002509
                 229,            0.014635,            0.005518,                   0,             0.98881,                   1,               0.995,             0.80842,            0.013212,           0.0058281,                   0,            0.002476,            0.002476,            0.002476
                 230,            0.012197,           0.0058471,                   0,             0.98899,                   1,               0.995,             0.82099,            0.013014,           0.0058329,                   0,            0.002443,            0.002443,            0.002443
                 231,            0.021899,           0.0055273,                   0,             0.98905,                   1,               0.995,             0.82099,            0.012526,           0.0058231,                   0,             0.00241,             0.00241,             0.00241
                 232,            0.024591,           0.0056355,                   0,             0.98905,                   1,               0.995,             0.82099,            0.012526,           0.0058231,                   0,            0.002377,            0.002377,            0.002377
                 233,            0.013688,            0.004677,                   0,             0.98908,                   1,               0.995,             0.77743,            0.012473,           0.0058327,                   0,            0.002344,            0.002344,            0.002344
                 234,            0.019635,           0.0044983,                   0,             0.98906,                   1,               0.995,             0.83941,            0.013894,           0.0057845,                   0,            0.002311,            0.002311,            0.002311
                 235,            0.017446,           0.0060025,                   0,             0.98906,                   1,               0.995,             0.83941,            0.013894,           0.0057845,                   0,            0.002278,            0.002278,            0.002278
                 236,            0.013019,           0.0059554,                   0,             0.98916,                   1,               0.995,             0.86446,            0.012977,           0.0057529,                   0,            0.002245,            0.002245,            0.002245
                 237,            0.015045,           0.0056232,                   0,             0.98908,                   1,               0.995,              0.8293,            0.012809,            0.005751,                   0,            0.002212,            0.002212,            0.002212
                 238,            0.013276,           0.0067488,                   0,             0.98908,                   1,               0.995,              0.8293,            0.012809,            0.005751,                   0,            0.002179,            0.002179,            0.002179
                 239,            0.028877,           0.0063733,                   0,             0.98914,                   1,               0.995,             0.80848,            0.013219,           0.0057424,                   0,            0.002146,            0.002146,            0.002146
                 240,              0.0198,           0.0060775,                   0,             0.98902,                   1,               0.995,              0.8023,            0.012958,           0.0058168,                   0,            0.002113,            0.002113,            0.002113
                 241,            0.022864,           0.0060765,                   0,             0.98902,                   1,               0.995,              0.8023,            0.012958,           0.0058168,                   0,             0.00208,             0.00208,             0.00208
                 242,             0.01919,           0.0046305,                   0,             0.98908,                   1,               0.995,               0.796,            0.012683,           0.0058282,                   0,            0.002047,            0.002047,            0.002047
                 243,            0.017625,           0.0057456,                   0,             0.98908,                   1,               0.995,             0.75852,              0.0132,           0.0058326,                   0,            0.002014,            0.002014,            0.002014
                 244,            0.026686,           0.0047535,                   0,             0.98908,                   1,               0.995,             0.75852,              0.0132,           0.0058326,                   0,            0.001981,            0.001981,            0.001981
                 245,            0.012511,           0.0048188,                   0,             0.98906,                   1,               0.995,             0.78971,            0.012914,           0.0058244,                   0,            0.001948,            0.001948,            0.001948
                 246,            0.013318,           0.0052621,                   0,             0.98889,                   1,               0.995,               0.796,            0.012302,           0.0057914,                   0,            0.001915,            0.001915,            0.001915
                 247,            0.024886,           0.0064403,                   0,             0.98889,                   1,               0.995,               0.796,            0.012302,           0.0057914,                   0,            0.001882,            0.001882,            0.001882
                 248,            0.022936,           0.0058885,                   0,             0.98887,                   1,               0.995,               0.796,            0.012235,           0.0057495,                   0,            0.001849,            0.001849,            0.001849
                 249,            0.018534,           0.0054922,                   0,             0.98887,                   1,               0.995,             0.82073,            0.012631,           0.0057108,                   0,            0.001816,            0.001816,            0.001816
                 250,            0.012038,           0.0057175,                   0,             0.98887,                   1,               0.995,             0.82073,            0.012631,           0.0057108,                   0,            0.001783,            0.001783,            0.001783
                 251,            0.020429,           0.0057691,                   0,             0.98889,                   1,               0.995,               0.796,            0.013145,           0.0056836,                   0,             0.00175,             0.00175,             0.00175
                 252,            0.017355,           0.0068877,                   0,             0.98889,                   1,               0.995,               0.796,            0.012534,            0.005707,                   0,            0.001717,            0.001717,            0.001717
                 253,            0.017663,              0.0052,                   0,             0.98889,                   1,               0.995,               0.796,            0.012534,            0.005707,                   0,            0.001684,            0.001684,            0.001684
                 254,            0.012652,           0.0044728,                   0,             0.98869,                   1,               0.995,              0.8044,            0.012656,           0.0056612,                   0,            0.001651,            0.001651,            0.001651
                 255,            0.016395,           0.0047991,                   0,             0.98885,                   1,               0.995,             0.80439,            0.012646,           0.0056922,                   0,            0.001618,            0.001618,            0.001618
                 256,             0.01921,           0.0055151,                   0,             0.98885,                   1,               0.995,             0.80439,            0.012646,           0.0056922,                   0,            0.001585,            0.001585,            0.001585
                 257,            0.016555,           0.0047762,                   0,             0.98885,                   1,               0.995,             0.77963,            0.012702,           0.0056867,                   0,            0.001552,            0.001552,            0.001552
                 258,            0.018931,           0.0046728,                   0,             0.98884,                   1,               0.995,             0.83331,            0.012484,             0.00572,                   0,            0.001519,            0.001519,            0.001519
                 259,             0.01622,           0.0045349,                   0,             0.98884,                   1,               0.995,             0.83331,            0.012484,             0.00572,                   0,            0.001486,            0.001486,            0.001486
                 260,            0.011715,           0.0046318,                   0,             0.98882,                   1,               0.995,               0.796,            0.012593,           0.0056804,                   0,            0.001453,            0.001453,            0.001453
                 261,            0.026538,           0.0053659,                   0,             0.98886,                   1,               0.995,             0.80438,            0.012324,           0.0056572,                   0,             0.00142,             0.00142,             0.00142
                 262,            0.024591,           0.0057054,                   0,             0.98886,                   1,               0.995,             0.80438,            0.012324,           0.0056572,                   0,            0.001387,            0.001387,            0.001387
                 263,            0.013647,           0.0053038,                   0,             0.98888,                   1,               0.995,             0.82928,            0.012168,           0.0056406,                   0,            0.001354,            0.001354,            0.001354
                 264,            0.027941,           0.0055428,                   0,             0.98895,                   1,               0.995,             0.82071,            0.012861,           0.0056355,                   0,            0.001321,            0.001321,            0.001321
                 265,            0.012451,           0.0052574,                   0,             0.98895,                   1,               0.995,             0.82071,            0.012861,           0.0056355,                   0,            0.001288,            0.001288,            0.001288
                 266,            0.018202,           0.0040912,                   0,             0.98886,                   1,               0.995,             0.80846,            0.012811,           0.0056069,                   0,            0.001255,            0.001255,            0.001255
                 267,            0.018917,           0.0051986,                   0,             0.98898,                   1,               0.995,             0.82071,            0.013129,            0.005636,                   0,            0.001222,            0.001222,            0.001222
                 268,            0.023835,           0.0055458,                   0,             0.98898,                   1,               0.995,             0.82071,            0.013129,            0.005636,                   0,            0.001189,            0.001189,            0.001189
                 269,            0.012638,           0.0048067,                   0,             0.98906,                   1,               0.995,               0.796,            0.013083,           0.0056189,                   0,            0.001156,            0.001156,            0.001156
                 270,            0.013924,           0.0039487,                   0,             0.98921,                   1,               0.995,               0.796,            0.012881,           0.0056131,                   0,            0.001123,            0.001123,            0.001123
                 271,            0.014454,           0.0049697,                   0,             0.98921,                   1,               0.995,               0.796,            0.012881,           0.0056131,                   0,             0.00109,             0.00109,             0.00109
                 272,            0.023528,           0.0058389,                   0,             0.98923,                   1,               0.995,             0.80438,            0.012624,           0.0056027,                   0,            0.001057,            0.001057,            0.001057
                 273,            0.021279,           0.0058925,                   0,             0.98914,                   1,               0.995,             0.80438,            0.012284,           0.0055972,                   0,            0.001024,            0.001024,            0.001024
                 274,            0.018396,           0.0054868,                   0,             0.98914,                   1,               0.995,             0.80438,            0.012284,           0.0055972,                   0,            0.000991,            0.000991,            0.000991
                 275,            0.012916,           0.0041461,                   0,             0.98905,                   1,               0.995,              0.8207,            0.012358,           0.0056162,                   0,            0.000958,            0.000958,            0.000958
                 276,            0.012415,           0.0049765,                   0,             0.98924,                   1,               0.995,             0.82071,             0.01232,           0.0056239,                   0,            0.000925,            0.000925,            0.000925
                 277,            0.021167,           0.0054544,                   0,             0.98924,                   1,               0.995,             0.82071,             0.01232,           0.0056239,                   0,            0.000892,            0.000892,            0.000892
                 278,            0.016025,           0.0050399,                   0,             0.98916,                   1,               0.995,               0.796,            0.012222,           0.0056416,                   0,            0.000859,            0.000859,            0.000859
                 279,             0.01767,           0.0066445,                   0,             0.98925,                   1,               0.995,               0.796,            0.012235,           0.0056388,                   0,            0.000826,            0.000826,            0.000826
                 280,             0.01592,            0.004746,                   0,             0.98925,                   1,               0.995,               0.796,            0.012235,           0.0056388,                   0,            0.000793,            0.000793,            0.000793
                 281,            0.012989,           0.0057849,                   0,             0.98934,                   1,               0.995,               0.796,            0.012215,           0.0056273,                   0,             0.00076,             0.00076,             0.00076
                 282,            0.015639,           0.0044592,                   0,             0.98924,                   1,               0.995,               0.796,             0.01213,           0.0056093,                   0,            0.000727,            0.000727,            0.000727
                 283,              0.0128,           0.0053763,                   0,             0.98924,                   1,               0.995,               0.796,             0.01213,           0.0056093,                   0,            0.000694,            0.000694,            0.000694
                 284,            0.010488,           0.0043656,                   0,             0.98919,                   1,               0.995,               0.796,            0.011988,           0.0055926,                   0,            0.000661,            0.000661,            0.000661
                 285,            0.016942,           0.0048181,                   0,             0.98911,                   1,               0.995,               0.796,            0.011917,           0.0055788,                   0,            0.000628,            0.000628,            0.000628
                 286,            0.017756,           0.0053443,                   0,             0.98911,                   1,               0.995,               0.796,            0.011917,           0.0055788,                   0,            0.000595,            0.000595,            0.000595
                 287,            0.015891,           0.0060624,                   0,             0.98914,                   1,               0.995,               0.796,            0.011913,           0.0055749,                   0,            0.000562,            0.000562,            0.000562
                 288,            0.020264,           0.0040549,                   0,             0.98932,                   1,               0.995,               0.796,            0.011999,           0.0055692,                   0,            0.000529,            0.000529,            0.000529
                 289,            0.012674,           0.0053987,                   0,             0.98932,                   1,               0.995,               0.796,            0.011999,           0.0055692,                   0,            0.000496,            0.000496,            0.000496
                 290,            0.017275,           0.0053796,                   0,             0.98909,                   1,               0.995,               0.796,            0.012079,           0.0055602,                   0,            0.000463,            0.000463,            0.000463
                 291,            0.013492,            0.004747,                   0,             0.98925,                   1,               0.995,               0.796,            0.012364,           0.0055554,                   0,             0.00043,             0.00043,             0.00043
                 292,            0.022977,           0.0063352,                   0,             0.98925,                   1,               0.995,               0.796,            0.012364,           0.0055554,                   0,            0.000397,            0.000397,            0.000397
                 293,            0.026273,           0.0053095,                   0,             0.98909,                   1,               0.995,               0.796,             0.01257,            0.005555,                   0,            0.000364,            0.000364,            0.000364
                 294,            0.011819,           0.0044485,                   0,             0.98932,                   1,               0.995,               0.796,            0.012622,           0.0055522,                   0,            0.000331,            0.000331,            0.000331
                 295,            0.013055,           0.0049864,                   0,             0.98932,                   1,               0.995,               0.796,            0.012622,           0.0055522,                   0,            0.000298,            0.000298,            0.000298
                 296,            0.013637,           0.0052627,                   0,             0.98917,                   1,               0.995,               0.796,            0.012691,           0.0055465,                   0,            0.000265,            0.000265,            0.000265
                 297,            0.010762,           0.0038177,                   0,             0.98926,                   1,               0.995,               0.796,            0.012719,            0.005549,                   0,            0.000232,            0.000232,            0.000232
                 298,            0.024586,           0.0055691,                   0,             0.98926,                   1,               0.995,               0.796,            0.012719,            0.005549,                   0,            0.000199,            0.000199,            0.000199
                 299,            0.016924,           0.0043397,                   0,             0.98927,                   1,               0.995,               0.796,            0.012652,           0.0055451,                   0,            0.000166,            0.000166,            0.000166
